id,job_title,company_type,industry,city,job_type,degree,major_req,must_skills,plus_skills,duties,salary_range,updated_at
1,化工工艺工程师,民营企业,化工与新材料,重庆长寿,校招,本科,"化学工程与工艺;应用化学","化工原理;物料衡算;Aspen Plus;AutoCAD;工艺流程","HAZOP;PID识图;GB50160;设备选型","负责工艺流程设计与模拟计算；参与现场工艺参数优化与异常处理；编制工艺技术文件",8-12万/年,2026-09
2,化工研发工程师,民营企业,化工与新材料,重庆涪陵,校招,本科及以上,"化学工程与工艺;应用化学;材料类","实验设计;正交实验;数据分析;文献调研;Origin","XRD;SEM;GC-MS;专利撰写","负责新产品配方与工艺开发；完成小试中试放大；整理实验数据并输出报告",9-14万/年,2026-09
3,新能源材料研发工程师,民营企业,新能源,重庆两江新区,校招,硕士及以上,"材料类;化学工程与工艺;物理与新能源","电化学基础;材料表征;实验设计;数据分析","锂电池正极材料;扣式电池组装;XRD/SEM","负责正极材料配方优化与性能测试；参与中试线工艺调试",12-18万/年,2026-09
4,质量分析工程师,外资企业,制药与生物医药,重庆巴南,校招,本科,"化学工程与工艺;药学;应用化学","HPLC;GC;国标检测方法;数据处理","方法验证;CMA/CNAS体系;ICP","负责原料与成品检测；执行检测方法并出具报告；参与偏差调查",8-11万/年,2026-09
5,EHS安全工程师,国有企业,化工与新材料,重庆长寿,校招,本科,"化学工程与工艺;安全工程;环境工程","危险源辨识;安全法规;应急预案;危化品管理","双重预防机制;注册安全工程师(在考)","负责现场安全隐患排查；组织应急演练；编制安全技术文件",7-10万/年,2026-09
6,生产管理培训生,国有企业,化工与新材料,重庆,校招,本科,"化学工程与工艺;机械;管理类","生产流程理解;数据统计;沟通协调","精益生产;5S;OEE","参与车间生产计划执行；跟踪良率与成本指标；推进现场改善",7-11万/年,2026-09
7,环保工艺工程师,民营企业,环保与资源化,重庆,校招,本科,"环境工程;化学工程与工艺","废水处理工艺;工艺设计;数据分析","VOCs治理;固废资源化;环评","负责废水/废气处理方案设计；参与项目现场调试",8-12万/年,2026-09
8,后端开发工程师(Java),民营企业,软件与互联网,重庆渝北,校招,本科及以上,"计算机科学与技术;软件工程;人工智能","Java;SpringBoot;MySQL;Redis;数据结构","消息队列;Docker;微服务;Git","负责服务端功能开发与接口设计；参与性能优化与线上问题排查",12-20万/年,2026-09
9,前端开发工程师,民营企业,软件与互联网,重庆渝北,校招,本科,"计算机科学与技术;软件工程","JavaScript;Vue/React;HTML/CSS;工程化","TypeScript;小程序;可视化","负责前端页面开发与组件封装；参与交互方案评审",10-16万/年,2026-09
10,算法工程师(机器学习),民营企业,人工智能,重庆两江新区,校招,硕士及以上,"人工智能;计算机科学与技术;数学","Python;机器学习;深度学习;PyTorch","NLP;CV;模型部署;论文/竞赛","负责算法模型训练与调优；参与业务场景落地",18-30万/年,2026-09
11,数据分析师,民营企业,互联网与数据服务,重庆,校招,本科,"数学;统计学;计算机;管理类","SQL;Python;pandas;统计学;可视化","A/B测试;业务建模;BI工具","负责业务数据提取与分析；输出分析报告支撑决策",10-15万/年,2026-09
12,测试开发工程师,民营企业,软件与互联网,重庆渝北,校招,本科,"计算机科学与技术;软件工程","测试理论;Python;自动化测试;接口测试","性能测试;CI/CD","负责功能与接口测试；编写自动化测试脚本",10-15万/年,2026-09
13,嵌入式软件工程师,民营企业,电子信息,重庆西永,校招,本科,"电子信息工程;自动化;电气工程","C语言;单片机;RTOS;通信协议","Linux驱动;硬件调试","负责嵌入式固件开发与调试；配合硬件完成联调",11-16万/年,2026-09
14,电气设计工程师,国有企业,电力与能源,重庆,校招,本科,"电气工程及其自动化;自动化","电路原理;电气图纸;AutoCAD;PLC","继电保护;变配电设计","负责电气系统设计与图纸绘制；参与现场施工配合",9-13万/年,2026-09
15,机械设计工程师,民营企业,装备制造,重庆璧山,校招,本科,"机械设计制造及其自动化;机械电子","机械原理;SolidWorks;公差配合;图纸","有限元分析;ANSYS;非标设计","负责机械结构设计与出图；跟进样机装配与调试",9-13万/年,2026-09
16,汽车试验工程师,国有企业,汽车整车,重庆两江新区,校招,本科,"车辆工程;机械;电气","汽车构造;试验方法;数据采集","CANoe;整车标定;NVH","负责整车/零部件试验方案执行与数据分析",10-14万/年,2026-09
17,材料工艺工程师,民营企业,新材料,重庆,校招,本科及以上,"材料科学与工程;材料成型","材料表征;热处理工艺;工艺优化","金相分析;失效分析","负责材料工艺参数优化与现场技术支持",9-13万/年,2026-09
18,药物制剂研究员,民营企业,制药与生物医药,重庆巴南,校招,硕士及以上,"药学;制药工程;化学工程与工艺","制剂工艺;处方筛选;实验设计","注册申报;GMP;溶出度","负责制剂处方与工艺开发；参与中试放大",11-16万/年,2026-09
19,QC质检员,外资企业,制药与生物医药,重庆,校招,本科,"药学;化学工程与工艺;生物工程","仪器分析;检测规范;数据处理","GMP;实验室管理","执行日常检验任务；记录并出具检验报告",7-10万/年,2026-09
20,会计(校招),国有企业,财务与审计,重庆,校招,本科,"会计学;财务管理","会计准则;Excel;财务软件","初级会计职称;税务知识","负责凭证处理与账务核算；协助月度结账",7-10万/年,2026-09
21,审计助理,会计师事务所,财务与审计,重庆,校招,本科,"会计学;审计学;财务管理","审计准则;Excel;沟通表达","CPA部分科目;数据工具","参与审计项目现场工作；编制工作底稿",8-12万/年,2026-09
22,银行客户经理(校招),国有企业,银行金融,重庆,校招,本科,"经济金融;管理类;不限","沟通表达;客户服务;抗压能力","金融知识;营销经验;驾驶证","负责客户开发与维护；完成业务指标",8-15万/年,2026-09
23,供应链管理培训生,外资企业,制造与贸易,重庆,校招,本科,"物流管理;管理类;经济类","供应链基础;Excel;沟通协调","SAP;数据分析;英语","参与采购/计划/物流轮岗；支持供应链日常运营",8-12万/年,2026-09
24,人力资源专员,民营企业,综合服务,重庆,校招,本科,"人力资源管理;管理类;心理学","招聘流程;沟通表达;Excel","劳动法;HR系统;校园招聘经验","负责招聘执行与面试安排；维护人才库",7-10万/年,2026-09
25,新媒体运营,民营企业,文化传媒,重庆,校招,本科,"新闻传播;汉语言文学;市场营销","文案撰写;短视频剪辑;数据复盘","PS/PR;账号运营案例;热点敏感度","负责账号内容策划与发布；分析数据优化内容",7-11万/年,2026-09
26,专利代理师助理,民营企业,知识产权服务,重庆,校招,本科及以上,"知识产权;理工科背景;法学","专利撰写基础;技术理解;文字表达","专利代理师资格;英语","协助撰写专利申请文件；参与审查意见答复",8-13万/年,2026-09
27,中学化学教师,事业单位,教育,重庆,校招,本科及以上,"化学;化学工程与工艺;教育学","学科知识;板书表达;教师资格证","教学实习;竞赛辅导","负责化学学科教学与班级管理",8-12万/年,2026-09
28,技术销售工程师,民营企业,化工与新材料,重庆,校招,本科,"化学工程与工艺;材料类;市场营销","产品原理;沟通谈判;行业理解","英语;驾驶;客户资源","负责产品技术推广与客户技术支持",10-18万/年,2026-09
29,工艺工程师(锂电),民营企业,新能源,四川宜宾,校招,本科,"化学工程与工艺;材料类;机械","工艺流程;数据分析;现场管理","锂电池工艺;洁净车间;SPC","负责产线工艺参数维护与优化；处理现场异常",10-15万/年,2026-09
30,研发助理(涂料),外资企业,化工与新材料,重庆,校招,本科,"化学工程与工艺;应用化学;高分子","配方实验;性能测试;数据处理","涂料/胶粘剂经验;仪器分析","协助完成配方开发与性能验证实验",7-10万/年,2026-09
31,产品经理助理,民营企业,软件与互联网,重庆渝北,校招,本科,"不限(计算机/管理类优先)","需求分析;原型工具;沟通表达","数据分析;用户调研;项目推进","参与需求收集与原型设计；跟进版本迭代",10-16万/年,2026-09
32,运维工程师,民营企业,软件与互联网,重庆,校招,本科,"计算机科学与技术;网络工程","Linux;Shell;网络基础;容器","K8s;监控体系;云平台","负责服务器与应用日常运维；处理告警与故障",10-15万/年,2026-09
33,电气自动化工程师,民营企业,装备制造,重庆九龙坡,校招,本科,"自动化;电气工程","PLC编程;电气图纸;传感器","上位机;工业通信;机器人","负责自动化产线电气调试与维护",9-14万/年,2026-09
34,食品研发助理,民营企业,食品与日化,重庆,校招,本科,"食品科学与工程;化学工程与工艺","配方实验;感官评价;食品法规","HACCP;检测方法","协助新产品配方开发与试产跟进",7-10万/年,2026-09
35,工艺安全分析师,外资企业,化工与新材料,重庆长寿,校招,本科及以上,"化学工程与工艺;安全工程","HAZOP;风险分析;工艺流程","SIL评估;PSM体系;英语","组织HAZOP分析会议；编制安全分析报告",10-15万/年,2026-09
36,电池测试工程师,民营企业,新能源,重庆两江新区,校招,本科,"材料类;化学工程与工艺;电气","测试方法;数据采集;数据分析","电池测试设备;标准规范","负责电芯/电池包测试与数据整理",9-13万/年,2026-09
37,机械工艺工程师,国有企业,装备制造,重庆,校招,本科,"机械设计制造;材料成型","机加工艺;工装设计;公差分析","数控编程;精益改善","负责零件加工工艺编制与现场技术支持",9-13万/年,2026-09
38,知识产权管理专员,国有企业,综合服务,重庆,校招,本科,"知识产权;理工科背景","专利检索;流程管理;文字表达","专利分析;外语","负责专利挖掘与流程管理；协助侵权分析",7-11万/年,2026-09
39,环境监测技术员,事业单位,环保与资源化,重庆,校招,本科,"环境工程;化学工程与工艺;分析化学","采样规范;仪器分析;报告编写","CMA体系;现场经验","负责环境样品采集与检测；编制监测报告",7-10万/年,2026-09
40,管理培训生(综合),国有企业,综合服务,重庆,校招,本科及以上,"不限(管理类优先)","学习能力;沟通表达;抗压","学生干部经历;英语;数据分析","参与部门轮岗；承担项目性任务",9-14万/年,2026-09
41,数据开发工程师,民营企业,互联网与数据服务,重庆,校招,本科,"计算机;数学;统计","SQL;Python;ETL;数据仓库","Hadoop/Spark;调度工具","负责数据管道开发与数仓建模",12-18万/年,2026-09
42,自动化测试实习生,民营企业,软件与互联网,重庆渝北,实习,本科在读,"计算机科学与技术;软件工程","Python;测试基础;接口测试","自动化框架;Git","参与测试用例编写与自动化脚本开发；日薪150-250元",150-250元/天,2026-09
43,化工研发实习生,民营企业,化工与新材料,重庆长寿,实习,本科在读,"化学工程与工艺;应用化学","基础实验操作;数据记录;文献检索","仪器操作;英文文献","协助研发工程师完成实验；整理实验数据；日薪120-200元",120-200元/天,2026-09
44,数据分析实习生,民营企业,互联网与数据服务,重庆,实习,本科在读,"数学;统计;计算机","SQL;Excel;Python基础","可视化;业务理解","协助完成数据提取与报表制作；日薪150-220元",150-220元/天,2026-09
45,人力资源实习生,国有企业,综合服务,重庆,实习,本科在读,"人力资源管理;管理类","Excel;沟通表达;细致","招聘实习经历","协助校园招聘组织与简历筛选；日薪100-150元",100-150元/天,2026-09
46,后端开发工程师(Go),民营企业,软件与互联网,成都高新区,校招,本科,"计算机科学与技术;软件工程","Go;MySQL;Redis;RESTful API;Git","Docker;Kubernetes;微服务","负责服务端接口设计与开发；参与系统性能优化与线上问题排查",12-18万/年,2026-09
47,前端开发工程师,民营企业,软件与互联网,成都,校招,本科,"计算机科学与技术;软件工程","JavaScript;Vue;HTML/CSS;Git","TypeScript;性能优化;数据可视化","负责 Web 前端页面开发与公共组件封装；配合后端联调联试",10-16万/年,2026-09
48,算法工程师(计算机视觉),民营企业,人工智能,重庆两江新区,校招,硕士及以上,"计算机科学与技术;人工智能;数学","Python;PyTorch;深度学习;图像处理","论文或竞赛;模型部署;TensorRT","负责视觉算法研发与模型训练调优；输出技术方案与实验报告",18-30万/年,2026-09
49,数据开发工程师,国有企业,互联网与数据服务,重庆渝北,校招,本科,"计算机科学与技术;数据科学;数学","SQL;Python;数据仓库;ETL","大数据平台;调度工具;数据建模","负责数据仓库建模与 ETL 任务开发；保障数据质量与时效",12-18万/年,2026-09
50,嵌入式软件工程师,民营企业,汽车与零部件,重庆璧山,校招,本科,"电子信息工程;自动化;计算机科学与技术","C语言;单片机;UART;SPI;I2C","RTOS;Linux驱动;电机控制","负责车载控制器软件设计与调试；编写单元测试与测试报告",10-16万/年,2026-09
51,电气设计工程师,国有企业,电力与能源,重庆九龙坡,校招,本科,"电气工程及其自动化;自动化","电路基础;电气制图;AutoCAD;PLC","供配电设计;变频器;EPLAN","负责配电系统电气设计与图纸绘制；参与现场安装调试",9-14万/年,2026-09
52,自动化工程师,民营企业,智能制造,重庆永川,校招,本科,"自动化;机械电子工程","PLC编程;传感器;组态软件","工业机器人;机器视觉;电气图纸","负责产线自动化方案实施与调试；处理现场设备异常",10-15万/年,2026-09
53,机械设计工程师,民营企业,装备制造,重庆江津,校招,本科,"机械设计制造及其自动化;机械工程","机械原理;SolidWorks;工程制图;公差配合","ANSYS;非标设计;专利","负责非标设备结构设计与出图；跟进样机装配与调试",9-14万/年,2026-09
54,结构仿真工程师,民营企业,汽车与零部件,重庆,校招,硕士及以上,"机械工程;车辆工程;力学","力学基础;ANSYS;Abaqus;有限元分析","拓扑优化;疲劳分析;NVH","负责零部件结构强度与疲劳仿真分析；输出分析报告与改进建议",14-22万/年,2026-09
55,材料研发工程师,民营企业,新能源材料,四川绵阳,校招,硕士及以上,"材料科学与工程;材料化学;化学工程与工艺","材料表征;实验设计;数据分析;文献调研","XRD;SEM;DSC;专利撰写","负责正极材料配方开发与小试放大；整理实验数据并输出报告",13-20万/年,2026-09
56,质量工程师,外资企业,汽车与零部件,重庆,校招,本科,"材料类;机械类;质量管理","检测标准;失效分析;质量工具;统计方法","六西格玛;IATF16949;英语","负责来料与过程质量控制；主导质量问题分析与改善跟踪",10-15万/年,2026-09
57,药物制剂研究员,民营企业,制药与生物医药,重庆巴南,校招,硕士及以上,"药学;制药工程;药物制剂","制剂工艺;处方设计;GMP;实验记录规范","缓控释;生物利用度;注册申报","负责固体制剂处方筛选与工艺放大；撰写研究资料",12-18万/年,2026-09
58,QC质检员,民营企业,制药与生物医药,重庆长寿,校招,本科,"药学;应用化学;制药工程","检测方法;仪器分析;药典;偏差处理","HPLC;GC;方法验证;CMA/CNAS","负责原辅料与成品检验；记录并处理检验偏差",8-12万/年,2026-09
59,会计(校招),国有企业,财务与审计,重庆渝中,校招,本科,"会计学;财务管理","会计准则;Excel;财务报表;初级会计职称","财务分析;ERP;税务实操","负责日常账务处理与报表编制；配合年度审计",8-12万/年,2026-09
60,审计助理,会计师事务所,财务与审计,贵州贵阳,校招,本科,"审计学;会计学;财务管理","审计准则;底稿编制;数据分析;沟通","CPA（在考）;内控流程","参与审计项目现场工作；编制审计工作底稿",9-13万/年,2026-09
61,中学化学教师,事业单位,教育与培训,重庆涪陵,校招,本科及以上,"化学;化学工程与工艺;应用化学","学科功底;表达能力;教案设计;教师资格证","竞赛辅导;班主任经历;普通话二甲","负责高中化学教学与班级管理；参与教研活动",8-12万/年,2026-09
62,新媒体运营,民营企业,传媒与文化,重庆渝北,校招,本科,"新闻传播;汉语言文学;市场营销","文案撰写;选题策划;数据分析;短视频剪辑","账号运营案例;PS/PR;直播","负责公众号与短视频内容策划与运营；分析数据效果",8-13万/年,2026-09
63,供应链管培生,民营企业,制造与供应链,重庆,校招,本科,"物流管理;工业工程;管理类","供应链基础;Excel;沟通协调;数据分析","精益生产;SAP;英语","轮岗学习采购/计划/仓储；参与流程改善项目",9-13万/年,2026-09
64,软件测试实习生,民营企业,软件与互联网,成都高新区,实习,本科在读,"计算机科学与技术;软件工程","Python;测试基础;接口测试","自动化框架;Git","参与测试用例编写与自动化脚本开发；日薪150-250元",150-250元/天,2026-09
65,化工工艺实习生,民营企业,化工与新材料,重庆长寿,实习,本科在读,"化学工程与工艺;应用化学","化工原理;基础实验操作;数据记录","Aspen Plus;仪器操作","协助工艺工程师完成模拟计算与数据整理；日薪120-200元",120-200元/天,2026-09
